name,roc_auc,pr_auc,time_s
Logistic Regression,0.9730803284313162,0.7258191730896134,0.0032835006713867188
Random Forest,0.9860427816315045,0.8165177946729416,0.15474653244018555
XGBoost,0.9787249276469169,0.8699837719856934,0.05414223670959473
